date,sName,iCount
2025-06-01 22:19:31.163375,Twilly,198
2025-06-01 22:19:31.163375,Twig,79
2025-06-01 22:19:31.163375,Artix,1401
2025-06-01 22:19:31.163375,Sepulchure,58
2025-06-01 22:19:31.163375,Gravelyn,63
2025-06-01 22:19:31.163375,Safiria,54
2025-06-01 22:19:31.163375,Sir Ver,28
2025-06-01 22:19:31.163375,Swordhaven (EU),67
2025-06-01 22:19:31.163375,Galanoth,55
2025-06-01 22:19:31.163375,Alteon,70
2025-06-01 22:19:31.163375,Yorumi,171
2025-06-01 22:19:31.163375,Yokai (SEA),51
2025-06-01 22:19:31.163375,Espada,207
2025-06-01 23:19:28.243411,Twilly,223
2025-06-01 23:19:28.243411,Twig,75
2025-06-01 23:19:28.243411,Artix,1375
2025-06-01 23:19:28.243411,Sepulchure,55
2025-06-01 23:19:28.243411,Gravelyn,61
2025-06-01 23:19:28.243411,Safiria,61
2025-06-01 23:19:28.243411,Sir Ver,23
2025-06-01 23:19:28.243411,Swordhaven (EU),56
2025-06-01 23:19:28.243411,Galanoth,58
2025-06-01 23:19:28.243411,Alteon,61
2025-06-01 23:19:28.243411,Yorumi,160
2025-06-01 23:19:28.243411,Yokai (SEA),65
2025-06-01 23:19:28.243411,Espada,210
2025-06-02 01:50:16.180242,Twilly,231
2025-06-02 01:50:16.180242,Twig,74
2025-06-02 01:50:16.180242,Artix,1481
2025-06-02 01:50:16.180242,Sepulchure,55
2025-06-02 01:50:16.180242,Gravelyn,52
2025-06-02 01:50:16.180242,Safiria,69
2025-06-02 01:50:16.180242,Sir Ver,22
2025-06-02 01:50:16.180242,Swordhaven (EU),52
2025-06-02 01:50:16.180242,Galanoth,44
2025-06-02 01:50:16.180242,Alteon,60
2025-06-02 01:50:16.180242,Yorumi,184
2025-06-02 01:50:16.180242,Yokai (SEA),80
2025-06-02 01:50:16.180242,Espada,198
2025-06-02 03:21:36.015133,Twilly,231
2025-06-02 03:21:36.015133,Twig,60
2025-06-02 03:21:36.015133,Artix,1451
2025-06-02 03:21:36.015133,Sepulchure,48
2025-06-02 03:21:36.015133,Gravelyn,59
2025-06-02 03:21:36.015133,Safiria,65
2025-06-02 03:21:36.015133,Sir Ver,32
2025-06-02 03:21:36.015133,Swordhaven (EU),42
2025-06-02 03:21:36.015133,Galanoth,49
2025-06-02 03:21:36.015133,Alteon,74
2025-06-02 03:21:36.015133,Yorumi,202
2025-06-02 03:21:36.015133,Yokai (SEA),90
2025-06-02 03:21:36.015133,Espada,150
2025-06-02 04:31:29.496762,Twilly,223
2025-06-02 04:31:29.496762,Twig,65
2025-06-02 04:31:29.496762,Artix,1499
2025-06-02 04:31:29.496762,Sepulchure,58
2025-06-02 04:31:29.496762,Gravelyn,50
2025-06-02 04:31:29.496762,Safiria,64
2025-06-02 04:31:29.496762,Sir Ver,30
2025-06-02 04:31:29.496762,Swordhaven (EU),39
2025-06-02 04:31:29.496762,Galanoth,41
2025-06-02 04:31:29.496762,Alteon,74
2025-06-02 04:31:29.496762,Yorumi,209
2025-06-02 04:31:29.496762,Yokai (SEA),81
2025-06-02 04:31:29.496762,Espada,146
2025-06-02 05:21:35.175046,Twilly,209
2025-06-02 05:21:35.175046,Twig,63
2025-06-02 05:21:35.175046,Artix,1479
2025-06-02 05:21:35.175046,Sepulchure,59
2025-06-02 05:21:35.175046,Gravelyn,55
2025-06-02 05:21:35.175046,Safiria,60
2025-06-02 05:21:35.175046,Sir Ver,32
2025-06-02 05:21:35.175046,Swordhaven (EU),36
2025-06-02 05:21:35.175046,Galanoth,40
2025-06-02 05:21:35.175046,Alteon,64
2025-06-02 05:21:35.175046,Yorumi,189
2025-06-02 05:21:35.175046,Yokai (SEA),81
2025-06-02 05:21:35.175046,Espada,137
2025-06-02 06:32:31.298488,Twilly,206
2025-06-02 06:32:31.298488,Twig,61
2025-06-02 06:32:31.298488,Artix,1450
2025-06-02 06:32:31.298488,Sepulchure,48
2025-06-02 06:32:31.298488,Gravelyn,55
2025-06-02 06:32:31.298488,Safiria,52
2025-06-02 06:32:31.298488,Sir Ver,23
2025-06-02 06:32:31.298488,Swordhaven (EU),43
2025-06-02 06:32:31.298488,Galanoth,43
2025-06-02 06:32:31.298488,Alteon,59
2025-06-02 06:32:31.298488,Yorumi,208
2025-06-02 06:32:31.298488,Yokai (SEA),84
2025-06-02 06:32:31.298488,Espada,127
2025-06-02 07:21:53.389150,Twilly,213
2025-06-02 07:21:53.389150,Twig,55
2025-06-02 07:21:53.389150,Artix,1391
2025-06-02 07:21:53.389150,Sepulchure,45
2025-06-02 07:21:53.389150,Gravelyn,53
2025-06-02 07:21:53.389150,Safiria,46
2025-06-02 07:21:53.389150,Sir Ver,23
2025-06-02 07:21:53.389150,Swordhaven (EU),44
2025-06-02 07:21:53.389150,Galanoth,41
2025-06-02 07:21:53.389150,Alteon,60
2025-06-02 07:21:53.389150,Yorumi,194
2025-06-02 07:21:53.389150,Yokai (SEA),84
2025-06-02 07:21:53.389150,Espada,108
2025-06-02 08:29:47.128635,Twilly,227
2025-06-02 08:29:47.128635,Twig,55
2025-06-02 08:29:47.128635,Artix,1382
2025-06-02 08:29:47.128635,Sepulchure,48
2025-06-02 08:29:47.128635,Gravelyn,59
2025-06-02 08:29:47.128635,Safiria,50
2025-06-02 08:29:47.128635,Sir Ver,23
2025-06-02 08:29:47.128635,Swordhaven (EU),51
2025-06-02 08:29:47.128635,Galanoth,40
2025-06-02 08:29:47.128635,Alteon,60
2025-06-02 08:29:47.128635,Yorumi,173
2025-06-02 08:29:47.128635,Yokai (SEA),76
2025-06-02 08:29:47.128635,Espada,99
2025-06-02 09:23:55.256268,Twilly,222
2025-06-02 09:23:55.256268,Twig,56
2025-06-02 09:23:55.256268,Artix,1372
2025-06-02 09:23:55.256268,Sepulchure,45
2025-06-02 09:23:55.256268,Gravelyn,49
2025-06-02 09:23:55.256268,Safiria,57
2025-06-02 09:23:55.256268,Sir Ver,17
2025-06-02 09:23:55.256268,Swordhaven (EU),49
2025-06-02 09:23:55.256268,Galanoth,45
2025-06-02 09:23:55.256268,Alteon,54
2025-06-02 09:23:55.256268,Yorumi,167
2025-06-02 09:23:55.256268,Yokai (SEA),62
2025-06-02 09:23:55.256268,Espada,90
2025-06-02 10:23:56.164746,Twilly,216
2025-06-02 10:23:56.164746,Twig,62
2025-06-02 10:23:56.164746,Artix,1416
2025-06-02 10:23:56.164746,Sepulchure,51
2025-06-02 10:23:56.164746,Gravelyn,53
2025-06-02 10:23:56.164746,Safiria,55
2025-06-02 10:23:56.164746,Sir Ver,17
2025-06-02 10:23:56.164746,Swordhaven (EU),54
2025-06-02 10:23:56.164746,Galanoth,50
2025-06-02 10:23:56.164746,Alteon,60
2025-06-02 10:23:56.164746,Yorumi,182
2025-06-02 10:23:56.164746,Yokai (SEA),73
2025-06-02 10:23:56.164746,Espada,92
2025-06-02 11:18:51.042240,Twilly,229
2025-06-02 11:18:51.042240,Twig,58
2025-06-02 11:18:51.042240,Artix,1492
2025-06-02 11:18:51.042240,Sepulchure,45
2025-06-02 11:18:51.042240,Gravelyn,56
2025-06-02 11:18:51.042240,Safiria,46
2025-06-02 11:18:51.042240,Sir Ver,26
2025-06-02 11:18:51.042240,Swordhaven (EU),71
2025-06-02 11:18:51.042240,Galanoth,58
2025-06-02 11:18:51.042240,Alteon,63
2025-06-02 11:18:51.042240,Yorumi,211
2025-06-02 11:18:51.042240,Yokai (SEA),72
2025-06-02 11:18:51.042240,Espada,107
2025-06-02 12:43:33.649482,Twilly,223
2025-06-02 12:43:33.649482,Twig,72
2025-06-02 12:43:33.649482,Artix,1500
2025-06-02 12:43:33.649482,Sepulchure,58
2025-06-02 12:43:33.649482,Gravelyn,66
2025-06-02 12:43:33.649482,Safiria,70
2025-06-02 12:43:33.649482,Sir Ver,29
2025-06-02 12:43:33.649482,Swordhaven (EU),67
2025-06-02 12:43:33.649482,Galanoth,66
2025-06-02 12:43:33.649482,Alteon,60
2025-06-02 12:43:33.649482,Yorumi,232
2025-06-02 12:43:33.649482,Yokai (SEA),86
2025-06-02 12:43:33.649482,Espada,147
2025-06-02 13:33:26.500232,Twilly,252
2025-06-02 13:33:26.500232,Twig,75
2025-06-02 13:33:26.500232,Artix,1500
2025-06-02 13:33:26.500232,Sepulchure,66
2025-06-02 13:33:26.500232,Gravelyn,60
2025-06-02 13:33:26.500232,Safiria,75
2025-06-02 13:33:26.500232,Sir Ver,33
2025-06-02 13:33:26.500232,Swordhaven (EU),57
2025-06-02 13:33:26.500232,Galanoth,58
2025-06-02 13:33:26.500232,Alteon,56
2025-06-02 13:33:26.500232,Yorumi,346
2025-06-02 13:33:26.500232,Yokai (SEA),105
2025-06-02 13:33:26.500232,Espada,158
2025-06-02 14:21:39.070730,Twilly,243
2025-06-02 14:21:39.070730,Twig,69
2025-06-02 14:21:39.070730,Artix,1500
2025-06-02 14:21:39.070730,Sepulchure,56
2025-06-02 14:21:39.070730,Gravelyn,61
2025-06-02 14:21:39.070730,Safiria,68
2025-06-02 14:21:39.070730,Sir Ver,32
2025-06-02 14:21:39.070730,Swordhaven (EU),64
2025-06-02 14:21:39.070730,Galanoth,69
2025-06-02 14:21:39.070730,Alteon,55
2025-06-02 14:21:39.070730,Yorumi,306
2025-06-02 14:21:39.070730,Yokai (SEA),114
2025-06-02 14:21:39.070730,Espada,175
2025-06-02 15:24:00.810690,Twilly,216
2025-06-02 15:24:00.810690,Twig,62
2025-06-02 15:24:00.810690,Artix,1493
2025-06-02 15:24:00.810690,Sepulchure,57
2025-06-02 15:24:00.810690,Gravelyn,51
2025-06-02 15:24:00.810690,Safiria,95
2025-06-02 15:24:00.810690,Sir Ver,35
2025-06-02 15:24:00.810690,Swordhaven (EU),68
2025-06-02 15:24:00.810690,Galanoth,64
2025-06-02 15:24:00.810690,Alteon,53
2025-06-02 15:24:00.810690,Yorumi,333
2025-06-02 15:24:00.810690,Yokai (SEA),98
2025-06-02 15:24:00.810690,Espada,172
2025-06-02 16:28:19.505002,Twilly,237
2025-06-02 16:28:19.505002,Twig,78
2025-06-02 16:28:19.505002,Artix,1482
2025-06-02 16:28:19.505002,Sepulchure,51
2025-06-02 16:28:19.505002,Gravelyn,61
2025-06-02 16:28:19.505002,Safiria,77
2025-06-02 16:28:19.505002,Sir Ver,30
2025-06-02 16:28:19.505002,Swordhaven (EU),72
2025-06-02 16:28:19.505002,Galanoth,63
2025-06-02 16:28:19.505002,Alteon,46
2025-06-02 16:28:19.505002,Yorumi,313
2025-06-02 16:28:19.505002,Yokai (SEA),84
2025-06-02 16:28:19.505002,Espada,177
2025-06-02 17:19:03.045171,Twilly,221
2025-06-02 17:19:03.045171,Twig,69
2025-06-02 17:19:03.045171,Artix,1477
2025-06-02 17:19:03.045171,Sepulchure,54
2025-06-02 17:19:03.045171,Gravelyn,50
2025-06-02 17:19:03.045171,Safiria,58
2025-06-02 17:19:03.045171,Sir Ver,29
2025-06-02 17:19:03.045171,Swordhaven (EU),72
2025-06-02 17:19:03.045171,Galanoth,50
2025-06-02 17:19:03.045171,Alteon,48
2025-06-02 17:19:03.045171,Yorumi,226
2025-06-02 17:19:03.045171,Yokai (SEA),66
2025-06-02 17:19:03.045171,Espada,192
2025-06-02 18:30:04.527170,Twilly,216
2025-06-02 18:30:04.527170,Twig,68
2025-06-02 18:30:04.527170,Artix,1404
2025-06-02 18:30:04.527170,Sepulchure,54
2025-06-02 18:30:04.527170,Gravelyn,44
2025-06-02 18:30:04.527170,Safiria,51
2025-06-02 18:30:04.527170,Sir Ver,28
2025-06-02 18:30:04.527170,Swordhaven (EU),71
2025-06-02 18:30:04.527170,Galanoth,47
2025-06-02 18:30:04.527170,Alteon,44
2025-06-02 18:30:04.527170,Yorumi,199
2025-06-02 18:30:04.527170,Yokai (SEA),65
2025-06-02 18:30:04.527170,Espada,193
2025-06-02 19:16:48.740568,Twilly,210
2025-06-02 19:16:48.740568,Twig,61
2025-06-02 19:16:48.740568,Artix,1269
2025-06-02 19:16:48.740568,Sepulchure,49
2025-06-02 19:16:48.740568,Gravelyn,45
2025-06-02 19:16:48.740568,Safiria,46
2025-06-02 19:16:48.740568,Sir Ver,26
2025-06-02 19:16:48.740568,Swordhaven (EU),69
2025-06-02 19:16:48.740568,Galanoth,45
2025-06-02 19:16:48.740568,Alteon,41
2025-06-02 19:16:48.740568,Yorumi,186
2025-06-02 19:16:48.740568,Yokai (SEA),64
2025-06-02 19:16:48.740568,Espada,138
2025-06-02 20:23:07.394162,Twilly,201
2025-06-02 20:23:07.394162,Twig,59
2025-06-02 20:23:07.394162,Artix,1282
2025-06-02 20:23:07.394162,Sepulchure,52
2025-06-02 20:23:07.394162,Gravelyn,49
2025-06-02 20:23:07.394162,Safiria,47
2025-06-02 20:23:07.394162,Sir Ver,30
2025-06-02 20:23:07.394162,Swordhaven (EU),68
2025-06-02 20:23:07.394162,Galanoth,43
2025-06-02 20:23:07.394162,Alteon,38
2025-06-02 20:23:07.394162,Yorumi,191
2025-06-02 20:23:07.394162,Yokai (SEA),57
2025-06-02 20:23:07.394162,Espada,174
2025-06-02 21:20:35.888620,Twilly,209
2025-06-02 21:20:35.888620,Twig,68
2025-06-02 21:20:35.888620,Artix,1287
2025-06-02 21:20:35.888620,Sepulchure,52
2025-06-02 21:20:35.888620,Gravelyn,40
2025-06-02 21:20:35.888620,Safiria,43
2025-06-02 21:20:35.888620,Sir Ver,35
2025-06-02 21:20:35.888620,Swordhaven (EU),66
2025-06-02 21:20:35.888620,Galanoth,43
2025-06-02 21:20:35.888620,Alteon,42
2025-06-02 21:20:35.888620,Yorumi,167
2025-06-02 21:20:35.888620,Yokai (SEA),56
2025-06-02 21:20:35.888620,Espada,185
2025-06-02 22:20:09.399288,Twilly,197
2025-06-02 22:20:09.399288,Twig,50
2025-06-02 22:20:09.399288,Artix,1368
2025-06-02 22:20:09.399288,Sepulchure,47
2025-06-02 22:20:09.399288,Gravelyn,54
2025-06-02 22:20:09.399288,Safiria,53
2025-06-02 22:20:09.399288,Sir Ver,41
2025-06-02 22:20:09.399288,Swordhaven (EU),58
2025-06-02 22:20:09.399288,Galanoth,47
2025-06-02 22:20:09.399288,Alteon,43
2025-06-02 22:20:09.399288,Yorumi,172
2025-06-02 22:20:09.399288,Yokai (SEA),52
2025-06-02 22:20:09.399288,Espada,218
2025-06-02 23:20:16.525535,Twilly,215
2025-06-02 23:20:16.525535,Twig,75
2025-06-02 23:20:16.525535,Artix,1397
2025-06-02 23:20:16.525535,Sepulchure,48
2025-06-02 23:20:16.525535,Gravelyn,43
2025-06-02 23:20:16.525535,Safiria,52
2025-06-02 23:20:16.525535,Sir Ver,34
2025-06-02 23:20:16.525535,Swordhaven (EU),60
2025-06-02 23:20:16.525535,Galanoth,39
2025-06-02 23:20:16.525535,Alteon,43
2025-06-02 23:20:16.525535,Yorumi,174
2025-06-02 23:20:16.525535,Yokai (SEA),56
2025-06-02 23:20:16.525535,Espada,237
2025-06-03 01:46:57.501008,Twilly,209
2025-06-03 01:46:57.501008,Twig,51
2025-06-03 01:46:57.501008,Artix,1494
2025-06-03 01:46:57.501008,Sepulchure,56
2025-06-03 01:46:57.501008,Gravelyn,55
2025-06-03 01:46:57.501008,Safiria,59
2025-06-03 01:46:57.501008,Sir Ver,21
2025-06-03 01:46:57.501008,Swordhaven (EU),55
2025-06-03 01:46:57.501008,Galanoth,54
2025-06-03 01:46:57.501008,Alteon,45
2025-06-03 01:46:57.501008,Yorumi,190
2025-06-03 01:46:57.501008,Yokai (SEA),71
2025-06-03 01:46:57.501008,Espada,226
2025-06-03 03:16:41.430474,Twilly,211
2025-06-03 03:16:41.430474,Twig,53
2025-06-03 03:16:41.430474,Artix,1410
2025-06-03 03:16:41.430474,Sepulchure,53
2025-06-03 03:16:41.430474,Gravelyn,62
2025-06-03 03:16:41.430474,Safiria,51
2025-06-03 03:16:41.430474,Sir Ver,31
2025-06-03 03:16:41.430474,Swordhaven (EU),48
2025-06-03 03:16:41.430474,Galanoth,54
2025-06-03 03:16:41.430474,Alteon,44
2025-06-03 03:16:41.430474,Yorumi,209
2025-06-03 03:16:41.430474,Yokai (SEA),75
2025-06-03 03:16:41.430474,Espada,179
2025-06-03 04:27:46.886353,Twilly,204
2025-06-03 04:27:46.886353,Twig,61
2025-06-03 04:27:46.886353,Artix,1453
2025-06-03 04:27:46.886353,Sepulchure,57
2025-06-03 04:27:46.886353,Gravelyn,62
2025-06-03 04:27:46.886353,Safiria,55
2025-06-03 04:27:46.886353,Sir Ver,29
2025-06-03 04:27:46.886353,Swordhaven (EU),46
2025-06-03 04:27:46.886353,Galanoth,42
2025-06-03 04:27:46.886353,Alteon,42
2025-06-03 04:27:46.886353,Yorumi,216
2025-06-03 04:27:46.886353,Yokai (SEA),75
2025-06-03 04:27:46.886353,Espada,142
2025-06-03 05:21:40.347578,Twilly,206
2025-06-03 05:21:40.347578,Twig,61
2025-06-03 05:21:40.347578,Artix,1417
2025-06-03 05:21:40.347578,Sepulchure,54
2025-06-03 05:21:40.347578,Gravelyn,54
2025-06-03 05:21:40.347578,Safiria,69
2025-06-03 05:21:40.347578,Sir Ver,25
2025-06-03 05:21:40.347578,Swordhaven (EU),34
2025-06-03 05:21:40.347578,Galanoth,42
2025-06-03 05:21:40.347578,Alteon,39
2025-06-03 05:21:40.347578,Yorumi,205
2025-06-03 05:21:40.347578,Yokai (SEA),67
2025-06-03 05:21:40.347578,Espada,117
2025-06-03 06:32:26.625196,Twilly,214
2025-06-03 06:32:26.625196,Twig,58
2025-06-03 06:32:26.625196,Artix,1368
2025-06-03 06:32:26.625196,Sepulchure,47
2025-06-03 06:32:26.625196,Gravelyn,42
2025-06-03 06:32:26.625196,Safiria,66
2025-06-03 06:32:26.625196,Sir Ver,26
2025-06-03 06:32:26.625196,Swordhaven (EU),42
2025-06-03 06:32:26.625196,Galanoth,52
2025-06-03 06:32:26.625196,Alteon,39
2025-06-03 06:32:26.625196,Yorumi,203
2025-06-03 06:32:26.625196,Yokai (SEA),71
2025-06-03 06:32:26.625196,Espada,99
2025-06-03 07:21:58.267568,Twilly,201
2025-06-03 07:21:58.267568,Twig,53
2025-06-03 07:21:58.267568,Artix,1332
2025-06-03 07:21:58.267568,Sepulchure,51
2025-06-03 07:21:58.267568,Gravelyn,51
2025-06-03 07:21:58.267568,Safiria,72
2025-06-03 07:21:58.267568,Sir Ver,22
2025-06-03 07:21:58.267568,Swordhaven (EU),42
2025-06-03 07:21:58.267568,Galanoth,52
2025-06-03 07:21:58.267568,Alteon,40
2025-06-03 07:21:58.267568,Yorumi,193
2025-06-03 07:21:58.267568,Yokai (SEA),73
2025-06-03 07:21:58.267568,Espada,91
2025-06-03 08:30:15.613748,Twilly,199
2025-06-03 08:30:15.613748,Twig,56
2025-06-03 08:30:15.613748,Artix,1345
2025-06-03 08:30:15.613748,Sepulchure,48
2025-06-03 08:30:15.613748,Gravelyn,38
2025-06-03 08:30:15.613748,Safiria,72
2025-06-03 08:30:15.613748,Sir Ver,23
2025-06-03 08:30:15.613748,Swordhaven (EU),56
2025-06-03 08:30:15.613748,Galanoth,45
2025-06-03 08:30:15.613748,Alteon,44
2025-06-03 08:30:15.613748,Yorumi,177
2025-06-03 08:30:15.613748,Yokai (SEA),75
2025-06-03 08:30:15.613748,Espada,94
2025-06-03 09:23:45.553566,Twilly,193
2025-06-03 09:23:45.553566,Twig,51
2025-06-03 09:23:45.553566,Artix,1260
2025-06-03 09:23:45.553566,Sepulchure,45
2025-06-03 09:23:45.553566,Gravelyn,53
2025-06-03 09:23:45.553566,Safiria,57
2025-06-03 09:23:45.553566,Sir Ver,28
2025-06-03 09:23:45.553566,Swordhaven (EU),68
2025-06-03 09:23:45.553566,Galanoth,44
2025-06-03 09:23:45.553566,Alteon,44
2025-06-03 09:23:45.553566,Yorumi,170
2025-06-03 09:23:45.553566,Yokai (SEA),86
2025-06-03 09:23:45.553566,Espada,95
2025-06-03 10:23:38.712222,Twilly,191
2025-06-03 10:23:38.712222,Twig,53
2025-06-03 10:23:38.712222,Artix,1328
2025-06-03 10:23:38.712222,Sepulchure,48
2025-06-03 10:23:38.712222,Gravelyn,50
2025-06-03 10:23:38.712222,Safiria,69
2025-06-03 10:23:38.712222,Sir Ver,26
2025-06-03 10:23:38.712222,Swordhaven (EU),72
2025-06-03 10:23:38.712222,Galanoth,44
2025-06-03 10:23:38.712222,Alteon,47
2025-06-03 10:23:38.712222,Yorumi,180
2025-06-03 10:23:38.712222,Yokai (SEA),91
2025-06-03 10:23:38.712222,Espada,99
2025-06-03 11:18:27.209676,Twilly,204
2025-06-03 11:18:27.209676,Twig,59
2025-06-03 11:18:27.209676,Artix,1463
2025-06-03 11:18:27.209676,Sepulchure,51
2025-06-03 11:18:27.209676,Gravelyn,52
2025-06-03 11:18:27.209676,Safiria,67
2025-06-03 11:18:27.209676,Sir Ver,33
2025-06-03 11:18:27.209676,Swordhaven (EU),85
2025-06-03 11:18:27.209676,Galanoth,51
2025-06-03 11:18:27.209676,Alteon,47
2025-06-03 11:18:27.209676,Yorumi,197
2025-06-03 11:18:27.209676,Yokai (SEA),86
2025-06-03 11:18:27.209676,Espada,124
2025-06-03 12:44:08.105333,Twilly,201
2025-06-03 12:44:08.105333,Twig,64
2025-06-03 12:44:08.105333,Artix,1499
2025-06-03 12:44:08.105333,Sepulchure,60
2025-06-03 12:44:08.105333,Gravelyn,49
2025-06-03 12:44:08.105333,Safiria,59
2025-06-03 12:44:08.105333,Sir Ver,26
2025-06-03 12:44:08.105333,Swordhaven (EU),85
2025-06-03 12:44:08.105333,Galanoth,69
2025-06-03 12:44:08.105333,Alteon,65
2025-06-03 12:44:08.105333,Yorumi,301
2025-06-03 12:44:08.105333,Yokai (SEA),96
2025-06-03 12:44:08.105333,Espada,171
2025-06-03 13:34:17.745876,Twilly,224
2025-06-03 13:34:17.745876,Twig,72
2025-06-03 13:34:17.745876,Artix,1500
2025-06-03 13:34:17.745876,Sepulchure,69
2025-06-03 13:34:17.745876,Gravelyn,68
2025-06-03 13:34:17.745876,Safiria,67
2025-06-03 13:34:17.745876,Sir Ver,28
2025-06-03 13:34:17.745876,Swordhaven (EU),72
2025-06-03 13:34:17.745876,Galanoth,56
2025-06-03 13:34:17.745876,Alteon,68
2025-06-03 13:34:17.745876,Yorumi,324
2025-06-03 13:34:17.745876,Yokai (SEA),112
2025-06-03 13:34:17.745876,Espada,168
2025-06-03 14:22:02.014814,Twilly,223
2025-06-03 14:22:02.014814,Twig,67
2025-06-03 14:22:02.014814,Artix,1500
2025-06-03 14:22:02.014814,Sepulchure,81
2025-06-03 14:22:02.014814,Gravelyn,62
2025-06-03 14:22:02.014814,Safiria,73
2025-06-03 14:22:02.014814,Sir Ver,25
2025-06-03 14:22:02.014814,Swordhaven (EU),69
2025-06-03 14:22:02.014814,Galanoth,65
2025-06-03 14:22:02.014814,Alteon,62
2025-06-03 14:22:02.014814,Yorumi,359
2025-06-03 14:22:02.014814,Yokai (SEA),96
2025-06-03 14:22:02.014814,Espada,197
2025-06-03 15:24:49.914868,Twilly,223
2025-06-03 15:24:49.914868,Twig,59
2025-06-03 15:24:49.914868,Artix,1498
2025-06-03 15:24:49.914868,Sepulchure,72
2025-06-03 15:24:49.914868,Gravelyn,66
2025-06-03 15:24:49.914868,Safiria,66
2025-06-03 15:24:49.914868,Sir Ver,23
2025-06-03 15:24:49.914868,Swordhaven (EU),62
2025-06-03 15:24:49.914868,Galanoth,72
2025-06-03 15:24:49.914868,Alteon,61
2025-06-03 15:24:49.914868,Yorumi,374
2025-06-03 15:24:49.914868,Yokai (SEA),91
2025-06-03 15:24:49.914868,Espada,209
2025-06-03 16:28:48.349793,Twilly,228
2025-06-03 16:28:48.349793,Twig,53
2025-06-03 16:28:48.349793,Artix,1490
2025-06-03 16:28:48.349793,Sepulchure,56
2025-06-03 16:28:48.349793,Gravelyn,70
2025-06-03 16:28:48.349793,Safiria,89
2025-06-03 16:28:48.349793,Sir Ver,26
2025-06-03 16:28:48.349793,Swordhaven (EU),84
2025-06-03 16:28:48.349793,Galanoth,64
2025-06-03 16:28:48.349793,Alteon,60
2025-06-03 16:28:48.349793,Yorumi,340
2025-06-03 16:28:48.349793,Yokai (SEA),75
2025-06-03 16:28:48.349793,Espada,208
2025-06-03 17:20:06.058138,Twilly,200
2025-06-03 17:20:06.058138,Twig,51
2025-06-03 17:20:06.058138,Artix,1470
2025-06-03 17:20:06.058138,Sepulchure,51
2025-06-03 17:20:06.058138,Gravelyn,63
2025-06-03 17:20:06.058138,Safiria,69
2025-06-03 17:20:06.058138,Sir Ver,37
2025-06-03 17:20:06.058138,Swordhaven (EU),76
2025-06-03 17:20:06.058138,Galanoth,63
2025-06-03 17:20:06.058138,Alteon,54
2025-06-03 17:20:06.058138,Yorumi,274
2025-06-03 17:20:06.058138,Yokai (SEA),74
2025-06-03 17:20:06.058138,Espada,210
2025-06-03 18:30:48.715000,Twilly,196
2025-06-03 18:30:48.715000,Twig,47
2025-06-03 18:30:48.715000,Artix,1437
2025-06-03 18:30:48.715000,Sepulchure,55
2025-06-03 18:30:48.715000,Gravelyn,59
2025-06-03 18:30:48.715000,Safiria,73
2025-06-03 18:30:48.715000,Sir Ver,34
2025-06-03 18:30:48.715000,Swordhaven (EU),81
2025-06-03 18:30:48.715000,Galanoth,58
2025-06-03 18:30:48.715000,Alteon,55
2025-06-03 18:30:48.715000,Yorumi,241
2025-06-03 18:30:48.715000,Yokai (SEA),66
2025-06-03 18:30:48.715000,Espada,177
2025-06-03 19:16:57.245327,Twilly,191
2025-06-03 19:16:57.245327,Twig,55
2025-06-03 19:16:57.245327,Artix,1422
2025-06-03 19:16:57.245327,Sepulchure,54
2025-06-03 19:16:57.245327,Gravelyn,55
2025-06-03 19:16:57.245327,Safiria,51
2025-06-03 19:16:57.245327,Sir Ver,36
2025-06-03 19:16:57.245327,Swordhaven (EU),89
2025-06-03 19:16:57.245327,Galanoth,56
2025-06-03 19:16:57.245327,Alteon,46
2025-06-03 19:16:57.245327,Yorumi,212
2025-06-03 19:16:57.245327,Yokai (SEA),51
2025-06-03 19:16:57.245327,Espada,195
2025-06-03 20:24:25.077051,Twilly,172
2025-06-03 20:24:25.077051,Twig,64
2025-06-03 20:24:25.077051,Artix,1388
2025-06-03 20:24:25.077051,Sepulchure,50
2025-06-03 20:24:25.077051,Gravelyn,55
2025-06-03 20:24:25.077051,Safiria,46
2025-06-03 20:24:25.077051,Sir Ver,34
2025-06-03 20:24:25.077051,Swordhaven (EU),81
2025-06-03 20:24:25.077051,Galanoth,54
2025-06-03 20:24:25.077051,Alteon,43
2025-06-03 20:24:25.077051,Yorumi,204
2025-06-03 20:24:25.077051,Yokai (SEA),69
2025-06-03 20:24:25.077051,Espada,197
2025-06-03 21:18:30.380444,Twilly,178
2025-06-03 21:18:30.380444,Twig,74
2025-06-03 21:18:30.380444,Artix,1327
2025-06-03 21:18:30.380444,Sepulchure,44
2025-06-03 21:18:30.380444,Gravelyn,64
2025-06-03 21:18:30.380444,Safiria,42
2025-06-03 21:18:30.380444,Sir Ver,25
2025-06-03 21:18:30.380444,Swordhaven (EU),69
2025-06-03 21:18:30.380444,Galanoth,52
2025-06-03 21:18:30.380444,Alteon,48
2025-06-03 21:18:30.380444,Yorumi,192
2025-06-03 21:18:30.380444,Yokai (SEA),64
2025-06-03 21:18:30.380444,Espada,215
2025-06-03 22:20:08.867481,Twilly,176
2025-06-03 22:20:08.867481,Twig,72
2025-06-03 22:20:08.867481,Artix,1315
2025-06-03 22:20:08.867481,Sepulchure,51
2025-06-03 22:20:08.867481,Gravelyn,62
2025-06-03 22:20:08.867481,Safiria,43
2025-06-03 22:20:08.867481,Sir Ver,27
2025-06-03 22:20:08.867481,Swordhaven (EU),61
2025-06-03 22:20:08.867481,Galanoth,52
2025-06-03 22:20:08.867481,Alteon,45
2025-06-03 22:20:08.867481,Yorumi,185
2025-06-03 22:20:08.867481,Yokai (SEA),65
2025-06-03 22:20:08.867481,Espada,213
2025-06-03 23:19:43.403555,Twilly,192
2025-06-03 23:19:43.403555,Twig,82
2025-06-03 23:19:43.403555,Artix,1374
2025-06-03 23:19:43.403555,Sepulchure,54
2025-06-03 23:19:43.403555,Gravelyn,60
2025-06-03 23:19:43.403555,Safiria,37
2025-06-03 23:19:43.403555,Sir Ver,26
2025-06-03 23:19:43.403555,Swordhaven (EU),55
2025-06-03 23:19:43.403555,Galanoth,49
2025-06-03 23:19:43.403555,Alteon,56
2025-06-03 23:19:43.403555,Yorumi,183
2025-06-03 23:19:43.403555,Yokai (SEA),58
2025-06-03 23:19:43.403555,Espada,236
2025-06-04 01:47:12.154667,Twilly,188
2025-06-04 01:47:12.154667,Twig,50
2025-06-04 01:47:12.154667,Artix,1430
2025-06-04 01:47:12.154667,Sepulchure,51
2025-06-04 01:47:12.154667,Gravelyn,47
2025-06-04 01:47:12.154667,Safiria,49
2025-06-04 01:47:12.154667,Sir Ver,29
2025-06-04 01:47:12.154667,Swordhaven (EU),49
2025-06-04 01:47:12.154667,Galanoth,53
2025-06-04 01:47:12.154667,Alteon,64
2025-06-04 01:47:12.154667,Yorumi,181
2025-06-04 01:47:12.154667,Yokai (SEA),70
2025-06-04 01:47:12.154667,Espada,196
2025-06-04 03:17:09.924733,Twilly,184
2025-06-04 03:17:09.924733,Twig,60
2025-06-04 03:17:09.924733,Artix,1470
2025-06-04 03:17:09.924733,Sepulchure,58
2025-06-04 03:17:09.924733,Gravelyn,48
2025-06-04 03:17:09.924733,Safiria,45
2025-06-04 03:17:09.924733,Sir Ver,25
2025-06-04 03:17:09.924733,Swordhaven (EU),50
2025-06-04 03:17:09.924733,Galanoth,61
2025-06-04 03:17:09.924733,Alteon,55
2025-06-04 03:17:09.924733,Yorumi,186
2025-06-04 03:17:09.924733,Yokai (SEA),82
2025-06-04 03:17:09.924733,Espada,165
2025-06-04 04:28:25.279751,Twilly,200
2025-06-04 04:28:25.279751,Twig,63
2025-06-04 04:28:25.279751,Artix,1472
2025-06-04 04:28:25.279751,Sepulchure,53
2025-06-04 04:28:25.279751,Gravelyn,48
2025-06-04 04:28:25.279751,Safiria,51
2025-06-04 04:28:25.279751,Sir Ver,25
2025-06-04 04:28:25.279751,Swordhaven (EU),44
2025-06-04 04:28:25.279751,Galanoth,51
2025-06-04 04:28:25.279751,Alteon,59
2025-06-04 04:28:25.279751,Yorumi,204
2025-06-04 04:28:25.279751,Yokai (SEA),80
2025-06-04 04:28:25.279751,Espada,125
2025-06-04 05:21:04.933462,Twilly,214
2025-06-04 05:21:04.933462,Twig,50
2025-06-04 05:21:04.933462,Artix,1422
2025-06-04 05:21:04.933462,Sepulchure,48
2025-06-04 05:21:04.933462,Gravelyn,53
2025-06-04 05:21:04.933462,Safiria,63
2025-06-04 05:21:04.933462,Sir Ver,29
2025-06-04 05:21:04.933462,Swordhaven (EU),27
2025-06-04 05:21:04.933462,Galanoth,43
2025-06-04 05:21:04.933462,Alteon,61
2025-06-04 05:21:04.933462,Yorumi,210
2025-06-04 05:21:04.933462,Yokai (SEA),83
2025-06-04 05:21:04.933462,Espada,111
2025-06-04 06:31:09.528931,Twilly,204
2025-06-04 06:31:09.528931,Twig,51
2025-06-04 06:31:09.528931,Artix,1387
2025-06-04 06:31:09.528931,Sepulchure,51
2025-06-04 06:31:09.528931,Gravelyn,45
2025-06-04 06:31:09.528931,Safiria,60
2025-06-04 06:31:09.528931,Sir Ver,26
2025-06-04 06:31:09.528931,Swordhaven (EU),26
2025-06-04 06:31:09.528931,Galanoth,38
2025-06-04 06:31:09.528931,Alteon,55
2025-06-04 06:31:09.528931,Yorumi,184
2025-06-04 06:31:09.528931,Yokai (SEA),88
2025-06-04 06:31:09.528931,Espada,103
2025-06-04 07:21:03.612880,Twilly,181
2025-06-04 07:21:03.612880,Twig,61
2025-06-04 07:21:03.612880,Artix,1372
2025-06-04 07:21:03.612880,Sepulchure,52
2025-06-04 07:21:03.612880,Gravelyn,46
2025-06-04 07:21:03.612880,Safiria,58
2025-06-04 07:21:03.612880,Sir Ver,22
2025-06-04 07:21:03.612880,Swordhaven (EU),36
2025-06-04 07:21:03.612880,Galanoth,30
2025-06-04 07:21:03.612880,Alteon,59
2025-06-04 07:21:03.612880,Yorumi,190
2025-06-04 07:21:03.612880,Yokai (SEA),92
2025-06-04 07:21:03.612880,Espada,107
2025-06-04 08:29:24.191746,Twilly,180
2025-06-04 08:29:24.191746,Twig,53
2025-06-04 08:29:24.191746,Artix,1336
2025-06-04 08:29:24.191746,Sepulchure,49
2025-06-04 08:29:24.191746,Gravelyn,38
2025-06-04 08:29:24.191746,Safiria,78
2025-06-04 08:29:24.191746,Sir Ver,26
2025-06-04 08:29:24.191746,Swordhaven (EU),37
2025-06-04 08:29:24.191746,Galanoth,31
2025-06-04 08:29:24.191746,Alteon,56
2025-06-04 08:29:24.191746,Yorumi,199
2025-06-04 08:29:24.191746,Yokai (SEA),77
2025-06-04 08:29:24.191746,Espada,109
2025-06-04 09:23:32.436134,Twilly,178
2025-06-04 09:23:32.436134,Twig,79
2025-06-04 09:23:32.436134,Artix,1333
2025-06-04 09:23:32.436134,Sepulchure,40
2025-06-04 09:23:32.436134,Gravelyn,42
2025-06-04 09:23:32.436134,Safiria,61
2025-06-04 09:23:32.436134,Sir Ver,30
2025-06-04 09:23:32.436134,Swordhaven (EU),41
2025-06-04 09:23:32.436134,Galanoth,39
2025-06-04 09:23:32.436134,Alteon,64
2025-06-04 09:23:32.436134,Yorumi,180
2025-06-04 09:23:32.436134,Yokai (SEA),86
2025-06-04 09:23:32.436134,Espada,109
2025-06-04 10:23:14.752723,Twilly,189
2025-06-04 10:23:14.752723,Twig,70
2025-06-04 10:23:14.752723,Artix,1339
2025-06-04 10:23:14.752723,Sepulchure,46
2025-06-04 10:23:14.752723,Gravelyn,42
2025-06-04 10:23:14.752723,Safiria,68
2025-06-04 10:23:14.752723,Sir Ver,21
2025-06-04 10:23:14.752723,Swordhaven (EU),40
2025-06-04 10:23:14.752723,Galanoth,40
2025-06-04 10:23:14.752723,Alteon,49
2025-06-04 10:23:14.752723,Yorumi,194
2025-06-04 10:23:14.752723,Yokai (SEA),99
2025-06-04 10:23:14.752723,Espada,116
2025-06-04 11:18:56.999048,Twilly,202
2025-06-04 11:18:56.999048,Twig,63
2025-06-04 11:18:56.999048,Artix,1429
2025-06-04 11:18:56.999048,Sepulchure,46
2025-06-04 11:18:56.999048,Gravelyn,50
2025-06-04 11:18:56.999048,Safiria,86
2025-06-04 11:18:56.999048,Sir Ver,24
2025-06-04 11:18:56.999048,Swordhaven (EU),43
2025-06-04 11:18:56.999048,Galanoth,42
2025-06-04 11:18:56.999048,Alteon,55
2025-06-04 11:18:56.999048,Yorumi,203
2025-06-04 11:18:56.999048,Yokai (SEA),91
2025-06-04 11:18:56.999048,Espada,137
2025-06-04 12:44:16.649584,Twilly,206
2025-06-04 12:44:16.649584,Twig,68
2025-06-04 12:44:16.649584,Artix,1497
2025-06-04 12:44:16.649584,Sepulchure,52
2025-06-04 12:44:16.649584,Gravelyn,59
2025-06-04 12:44:16.649584,Safiria,74
2025-06-04 12:44:16.649584,Sir Ver,30
2025-06-04 12:44:16.649584,Swordhaven (EU),62
2025-06-04 12:44:16.649584,Galanoth,59
2025-06-04 12:44:16.649584,Alteon,68
2025-06-04 12:44:16.649584,Yorumi,282
2025-06-04 12:44:16.649584,Yokai (SEA),94
2025-06-04 12:44:16.649584,Espada,180
2025-06-04 13:35:38.040881,Twilly,215
2025-06-04 13:35:38.040881,Twig,64
2025-06-04 13:35:38.040881,Artix,1494
2025-06-04 13:35:38.040881,Sepulchure,54
2025-06-04 13:35:38.040881,Gravelyn,50
2025-06-04 13:35:38.040881,Safiria,73
2025-06-04 13:35:38.040881,Sir Ver,33
2025-06-04 13:35:38.040881,Swordhaven (EU),63
2025-06-04 13:35:38.040881,Galanoth,54
2025-06-04 13:35:38.040881,Alteon,72
2025-06-04 13:35:38.040881,Yorumi,295
2025-06-04 13:35:38.040881,Yokai (SEA),90
2025-06-04 13:35:38.040881,Espada,183
2025-06-04 14:17:51.035099,Twilly,225
2025-06-04 14:17:51.035099,Twig,68
2025-06-04 14:17:51.035099,Artix,1500
2025-06-04 14:17:51.035099,Sepulchure,56
2025-06-04 14:17:51.035099,Gravelyn,54
2025-06-04 14:17:51.035099,Safiria,73
2025-06-04 14:17:51.035099,Sir Ver,32
2025-06-04 14:17:51.035099,Swordhaven (EU),65
2025-06-04 14:17:51.035099,Galanoth,55
2025-06-04 14:17:51.035099,Alteon,66
2025-06-04 14:17:51.035099,Yorumi,311
2025-06-04 14:17:51.035099,Yokai (SEA),90
2025-06-04 14:17:51.035099,Espada,194
2025-06-04 15:43:22.395958,Twilly,217
2025-06-04 15:43:22.395958,Twig,54
2025-06-04 15:43:22.395958,Artix,1497
2025-06-04 15:43:22.395958,Sepulchure,55
2025-06-04 15:43:22.395958,Gravelyn,63
2025-06-04 15:43:22.395958,Safiria,89
2025-06-04 15:43:22.395958,Sir Ver,31
2025-06-04 15:43:22.395958,Swordhaven (EU),62
2025-06-04 15:43:22.395958,Galanoth,52
2025-06-04 15:43:22.395958,Alteon,85
2025-06-04 15:43:22.395958,Yorumi,296
2025-06-04 15:43:22.395958,Yokai (SEA),69
2025-06-04 15:43:22.395958,Espada,189
2025-06-04 16:22:59.564258,Twilly,202
2025-06-04 16:22:59.564258,Twig,55
2025-06-04 16:22:59.564258,Artix,1498
2025-06-04 16:22:59.564258,Sepulchure,70
2025-06-04 16:22:59.564258,Gravelyn,63
2025-06-04 16:22:59.564258,Safiria,73
2025-06-04 16:22:59.564258,Sir Ver,27
2025-06-04 16:22:59.564258,Swordhaven (EU),57
2025-06-04 16:22:59.564258,Galanoth,51
2025-06-04 16:22:59.564258,Alteon,85
2025-06-04 16:22:59.564258,Yorumi,313
2025-06-04 16:22:59.564258,Yokai (SEA),70
2025-06-04 16:22:59.564258,Espada,205
2025-06-04 17:19:39.693019,Twilly,189
2025-06-04 17:19:39.693019,Twig,53
2025-06-04 17:19:39.693019,Artix,1487
2025-06-04 17:19:39.693019,Sepulchure,52
2025-06-04 17:19:39.693019,Gravelyn,61
2025-06-04 17:19:39.693019,Safiria,78
2025-06-04 17:19:39.693019,Sir Ver,36
2025-06-04 17:19:39.693019,Swordhaven (EU),62
2025-06-04 17:19:39.693019,Galanoth,49
2025-06-04 17:19:39.693019,Alteon,70
2025-06-04 17:19:39.693019,Yorumi,230
2025-06-04 17:19:39.693019,Yokai (SEA),72
2025-06-04 17:19:39.693019,Espada,190
2025-06-04 18:30:04.878912,Twilly,179
2025-06-04 18:30:04.878912,Twig,56
2025-06-04 18:30:04.878912,Artix,1438
2025-06-04 18:30:04.878912,Sepulchure,58
2025-06-04 18:30:04.878912,Gravelyn,53
2025-06-04 18:30:04.878912,Safiria,67
2025-06-04 18:30:04.878912,Sir Ver,28
2025-06-04 18:30:04.878912,Swordhaven (EU),57
2025-06-04 18:30:04.878912,Galanoth,59
2025-06-04 18:30:04.878912,Alteon,57
2025-06-04 18:30:04.878912,Yorumi,210
2025-06-04 18:30:04.878912,Yokai (SEA),72
2025-06-04 18:30:04.878912,Espada,174
2025-06-04 19:17:43.123326,Twilly,187
2025-06-04 19:17:43.123326,Twig,60
2025-06-04 19:17:43.123326,Artix,1413
2025-06-04 19:17:43.123326,Sepulchure,61
2025-06-04 19:17:43.123326,Gravelyn,58
2025-06-04 19:17:43.123326,Safiria,60
2025-06-04 19:17:43.123326,Sir Ver,29
2025-06-04 19:17:43.123326,Swordhaven (EU),57
2025-06-04 19:17:43.123326,Galanoth,55
2025-06-04 19:17:43.123326,Alteon,56
2025-06-04 19:17:43.123326,Yorumi,192
2025-06-04 19:17:43.123326,Yokai (SEA),68
2025-06-04 19:17:43.123326,Espada,189
2025-06-04 20:18:49.064134,Twilly,172
2025-06-04 20:18:49.064134,Twig,49
2025-06-04 20:18:49.064134,Artix,1344
2025-06-04 20:18:49.064134,Sepulchure,50
2025-06-04 20:18:49.064134,Gravelyn,55
2025-06-04 20:18:49.064134,Safiria,49
2025-06-04 20:18:49.064134,Sir Ver,24
2025-06-04 20:18:49.064134,Swordhaven (EU),72
2025-06-04 20:18:49.064134,Galanoth,55
2025-06-04 20:18:49.064134,Alteon,66
2025-06-04 20:18:49.064134,Yorumi,175
2025-06-04 20:18:49.064134,Yokai (SEA),57
2025-06-04 20:18:49.064134,Espada,172
2025-06-04 21:16:40.068395,Twilly,171
2025-06-04 21:16:40.068395,Twig,50
2025-06-04 21:16:40.068395,Artix,1329
2025-06-04 21:16:40.068395,Sepulchure,51
2025-06-04 21:16:40.068395,Gravelyn,54
2025-06-04 21:16:40.068395,Safiria,52
2025-06-04 21:16:40.068395,Sir Ver,31
2025-06-04 21:16:40.068395,Swordhaven (EU),74
2025-06-04 21:16:40.068395,Galanoth,50
2025-06-04 21:16:40.068395,Alteon,66
2025-06-04 21:16:40.068395,Yorumi,155
2025-06-04 21:16:40.068395,Yokai (SEA),55
2025-06-04 21:16:40.068395,Espada,184
2025-06-04 22:18:36.679727,Twilly,171
2025-06-04 22:18:36.679727,Twig,49
2025-06-04 22:18:36.679727,Artix,1366
2025-06-04 22:18:36.679727,Sepulchure,42
2025-06-04 22:18:36.679727,Gravelyn,65
2025-06-04 22:18:36.679727,Safiria,68
2025-06-04 22:18:36.679727,Sir Ver,29
2025-06-04 22:18:36.679727,Swordhaven (EU),66
2025-06-04 22:18:36.679727,Galanoth,46
2025-06-04 22:18:36.679727,Alteon,71
2025-06-04 22:18:36.679727,Yorumi,147
2025-06-04 22:18:36.679727,Yokai (SEA),57
2025-06-04 22:18:36.679727,Espada,215
2025-06-04 23:19:55.680303,Twilly,189
2025-06-04 23:19:55.680303,Twig,54
2025-06-04 23:19:55.680303,Artix,1372
2025-06-04 23:19:55.680303,Sepulchure,45
2025-06-04 23:19:55.680303,Gravelyn,62
2025-06-04 23:19:55.680303,Safiria,61
2025-06-04 23:19:55.680303,Sir Ver,29
2025-06-04 23:19:55.680303,Swordhaven (EU),59
2025-06-04 23:19:55.680303,Galanoth,48
2025-06-04 23:19:55.680303,Alteon,62
2025-06-04 23:19:55.680303,Yorumi,138
2025-06-04 23:19:55.680303,Yokai (SEA),56
2025-06-04 23:19:55.680303,Espada,219
2025-06-05 01:45:59.797735,Twilly,171
2025-06-05 01:45:59.797735,Twig,66
2025-06-05 01:45:59.797735,Artix,1475
2025-06-05 01:45:59.797735,Sepulchure,51
2025-06-05 01:45:59.797735,Gravelyn,56
2025-06-05 01:45:59.797735,Safiria,70
2025-06-05 01:45:59.797735,Sir Ver,26
2025-06-05 01:45:59.797735,Swordhaven (EU),66
2025-06-05 01:45:59.797735,Galanoth,55
2025-06-05 01:45:59.797735,Alteon,71
2025-06-05 01:45:59.797735,Yorumi,140
2025-06-05 01:45:59.797735,Yokai (SEA),74
2025-06-05 01:45:59.797735,Espada,235
2025-06-05 03:16:56.210947,Twilly,191
2025-06-05 03:16:56.210947,Twig,54
2025-06-05 03:16:56.210947,Artix,1469
2025-06-05 03:16:56.210947,Sepulchure,59
2025-06-05 03:16:56.210947,Gravelyn,48
2025-06-05 03:16:56.210947,Safiria,54
2025-06-05 03:16:56.210947,Sir Ver,27
2025-06-05 03:16:56.210947,Swordhaven (EU),56
2025-06-05 03:16:56.210947,Galanoth,56
2025-06-05 03:16:56.210947,Alteon,54
2025-06-05 03:16:56.210947,Yorumi,172
2025-06-05 03:16:56.210947,Yokai (SEA),76
2025-06-05 03:16:56.210947,Espada,184
2025-06-05 04:28:43.644469,Twilly,211
2025-06-05 04:28:43.644469,Twig,53
2025-06-05 04:28:43.644469,Artix,1463
2025-06-05 04:28:43.644469,Sepulchure,48
2025-06-05 04:28:43.644469,Gravelyn,46
2025-06-05 04:28:43.644469,Safiria,84
2025-06-05 04:28:43.644469,Sir Ver,19
2025-06-05 04:28:43.644469,Swordhaven (EU),43
2025-06-05 04:28:43.644469,Galanoth,50
2025-06-05 04:28:43.644469,Alteon,55
2025-06-05 04:28:43.644469,Yorumi,159
2025-06-05 04:28:43.644469,Yokai (SEA),74
2025-06-05 04:28:43.644469,Espada,134
2025-06-05 05:21:22.043308,Twilly,208
2025-06-05 05:21:22.043308,Twig,51
2025-06-05 05:21:22.043308,Artix,1497
2025-06-05 05:21:22.043308,Sepulchure,51
2025-06-05 05:21:22.043308,Gravelyn,58
2025-06-05 05:21:22.043308,Safiria,61
2025-06-05 05:21:22.043308,Sir Ver,26
2025-06-05 05:21:22.043308,Swordhaven (EU),41
2025-06-05 05:21:22.043308,Galanoth,52
2025-06-05 05:21:22.043308,Alteon,53
2025-06-05 05:21:22.043308,Yorumi,198
2025-06-05 05:21:22.043308,Yokai (SEA),72
2025-06-05 05:21:22.043308,Espada,117
2025-06-05 06:32:04.693964,Twilly,201
2025-06-05 06:32:04.693964,Twig,51
2025-06-05 06:32:04.693964,Artix,1441
2025-06-05 06:32:04.693964,Sepulchure,53
2025-06-05 06:32:04.693964,Gravelyn,60
2025-06-05 06:32:04.693964,Safiria,74
2025-06-05 06:32:04.693964,Sir Ver,22
2025-06-05 06:32:04.693964,Swordhaven (EU),48
2025-06-05 06:32:04.693964,Galanoth,37
2025-06-05 06:32:04.693964,Alteon,51
2025-06-05 06:32:04.693964,Yorumi,197
2025-06-05 06:32:04.693964,Yokai (SEA),75
2025-06-05 06:32:04.693964,Espada,100
2025-06-05 07:20:34.343523,Twilly,209
2025-06-05 07:20:34.343523,Twig,51
2025-06-05 07:20:34.343523,Artix,1448
2025-06-05 07:20:34.343523,Sepulchure,49
2025-06-05 07:20:34.343523,Gravelyn,53
2025-06-05 07:20:34.343523,Safiria,69
2025-06-05 07:20:34.343523,Sir Ver,22
2025-06-05 07:20:34.343523,Swordhaven (EU),48
2025-06-05 07:20:34.343523,Galanoth,42
2025-06-05 07:20:34.343523,Alteon,51
2025-06-05 07:20:34.343523,Yorumi,191
2025-06-05 07:20:34.343523,Yokai (SEA),72
2025-06-05 07:20:34.343523,Espada,103
2025-06-05 08:28:34.246561,Twilly,218
2025-06-05 08:28:34.246561,Twig,50
2025-06-05 08:28:34.246561,Artix,1408
2025-06-05 08:28:34.246561,Sepulchure,48
2025-06-05 08:28:34.246561,Gravelyn,55
2025-06-05 08:28:34.246561,Safiria,72
2025-06-05 08:28:34.246561,Sir Ver,26
2025-06-05 08:28:34.246561,Swordhaven (EU),56
2025-06-05 08:28:34.246561,Galanoth,36
2025-06-05 08:28:34.246561,Alteon,48
2025-06-05 08:28:34.246561,Yorumi,187
2025-06-05 08:28:34.246561,Yokai (SEA),84
2025-06-05 08:28:34.246561,Espada,96
2025-06-05 09:23:03.558071,Twilly,204
2025-06-05 09:23:03.558071,Twig,50
2025-06-05 09:23:03.558071,Artix,1408
2025-06-05 09:23:03.558071,Sepulchure,50
2025-06-05 09:23:03.558071,Gravelyn,54
2025-06-05 09:23:03.558071,Safiria,65
2025-06-05 09:23:03.558071,Sir Ver,23
2025-06-05 09:23:03.558071,Swordhaven (EU),56
2025-06-05 09:23:03.558071,Galanoth,33
2025-06-05 09:23:03.558071,Alteon,52
2025-06-05 09:23:03.558071,Yorumi,185
2025-06-05 09:23:03.558071,Yokai (SEA),82
2025-06-05 09:23:03.558071,Espada,100
2025-06-05 10:23:53.649956,Twilly,233
2025-06-05 10:23:53.649956,Twig,46
2025-06-05 10:23:53.649956,Artix,1457
2025-06-05 10:23:53.649956,Sepulchure,42
2025-06-05 10:23:53.649956,Gravelyn,60
2025-06-05 10:23:53.649956,Safiria,58
2025-06-05 10:23:53.649956,Sir Ver,24
2025-06-05 10:23:53.649956,Swordhaven (EU),45
2025-06-05 10:23:53.649956,Galanoth,51
2025-06-05 10:23:53.649956,Alteon,65
2025-06-05 10:23:53.649956,Yorumi,190
2025-06-05 10:23:53.649956,Yokai (SEA),76
2025-06-05 10:23:53.649956,Espada,90
2025-06-05 11:18:47.475370,Twilly,233
2025-06-05 11:18:47.475370,Twig,48
2025-06-05 11:18:47.475370,Artix,1497
2025-06-05 11:18:47.475370,Sepulchure,44
2025-06-05 11:18:47.475370,Gravelyn,66
2025-06-05 11:18:47.475370,Safiria,77
2025-06-05 11:18:47.475370,Sir Ver,25
2025-06-05 11:18:47.475370,Swordhaven (EU),34
2025-06-05 11:18:47.475370,Galanoth,34
2025-06-05 11:18:47.475370,Alteon,54
2025-06-05 11:18:47.475370,Yorumi,211
2025-06-05 11:18:47.475370,Yokai (SEA),73
2025-06-05 11:18:47.475370,Espada,113
2025-06-05 12:43:20.767460,Twilly,222
2025-06-05 12:43:20.767460,Twig,54
2025-06-05 12:43:20.767460,Artix,1503
2025-06-05 12:43:20.767460,Sepulchure,50
2025-06-05 12:43:20.767460,Gravelyn,69
2025-06-05 12:43:20.767460,Safiria,83
2025-06-05 12:43:20.767460,Sir Ver,30
2025-06-05 12:43:20.767460,Swordhaven (EU),53
2025-06-05 12:43:20.767460,Galanoth,47
2025-06-05 12:43:20.767460,Alteon,60
2025-06-05 12:43:20.767460,Yorumi,330
2025-06-05 12:43:20.767460,Yokai (SEA),68
2025-06-05 12:43:20.767460,Espada,135
2025-06-05 13:33:31.284039,Twilly,225
2025-06-05 13:33:31.284039,Twig,62
2025-06-05 13:33:31.284039,Artix,1493
2025-06-05 13:33:31.284039,Sepulchure,52
2025-06-05 13:33:31.284039,Gravelyn,71
2025-06-05 13:33:31.284039,Safiria,99
2025-06-05 13:33:31.284039,Sir Ver,36
2025-06-05 13:33:31.284039,Swordhaven (EU),44
2025-06-05 13:33:31.284039,Galanoth,56
2025-06-05 13:33:31.284039,Alteon,61
2025-06-05 13:33:31.284039,Yorumi,366
2025-06-05 13:33:31.284039,Yokai (SEA),80
2025-06-05 13:33:31.284039,Espada,168
2025-06-05 14:21:24.311629,Twilly,207
2025-06-05 14:21:24.311629,Twig,65
2025-06-05 14:21:24.311629,Artix,1499
2025-06-05 14:21:24.311629,Sepulchure,65
2025-06-05 14:21:24.311629,Gravelyn,68
2025-06-05 14:21:24.311629,Safiria,102
2025-06-05 14:21:24.311629,Sir Ver,35
2025-06-05 14:21:24.311629,Swordhaven (EU),47
2025-06-05 14:21:24.311629,Galanoth,69
2025-06-05 14:21:24.311629,Alteon,78
2025-06-05 14:21:24.311629,Yorumi,337
2025-06-05 14:21:24.311629,Yokai (SEA),78
2025-06-05 14:21:24.311629,Espada,186
2025-06-05 15:23:21.542076,Twilly,239
2025-06-05 15:23:21.542076,Twig,74
2025-06-05 15:23:21.542076,Artix,1499
2025-06-05 15:23:21.542076,Sepulchure,66
2025-06-05 15:23:21.542076,Gravelyn,66
2025-06-05 15:23:21.542076,Safiria,79
2025-06-05 15:23:21.542076,Sir Ver,34
2025-06-05 15:23:21.542076,Swordhaven (EU),56
2025-06-05 15:23:21.542076,Galanoth,63
2025-06-05 15:23:21.542076,Alteon,76
2025-06-05 15:23:21.542076,Yorumi,382
2025-06-05 15:23:21.542076,Yokai (SEA),81
2025-06-05 15:23:21.542076,Espada,206
2025-06-05 16:27:31.742152,Twilly,243
2025-06-05 16:27:31.742152,Twig,65
2025-06-05 16:27:31.742152,Artix,1495
2025-06-05 16:27:31.742152,Sepulchure,60
2025-06-05 16:27:31.742152,Gravelyn,68
2025-06-05 16:27:31.742152,Safiria,75
2025-06-05 16:27:31.742152,Sir Ver,36
2025-06-05 16:27:31.742152,Swordhaven (EU),58
2025-06-05 16:27:31.742152,Galanoth,49
2025-06-05 16:27:31.742152,Alteon,67
2025-06-05 16:27:31.742152,Yorumi,304
2025-06-05 16:27:31.742152,Yokai (SEA),73
2025-06-05 16:27:31.742152,Espada,214
2025-06-05 17:15:38.712475,Twilly,252
2025-06-05 17:15:38.712475,Twig,51
2025-06-05 17:15:38.712475,Artix,1497
2025-06-05 17:15:38.712475,Sepulchure,72
2025-06-05 17:15:38.712475,Gravelyn,62
2025-06-05 17:15:38.712475,Safiria,71
2025-06-05 17:15:38.712475,Sir Ver,35
2025-06-05 17:15:38.712475,Swordhaven (EU),59
2025-06-05 17:15:38.712475,Galanoth,53
2025-06-05 17:15:38.712475,Alteon,70
2025-06-05 17:15:38.712475,Yorumi,277
2025-06-05 17:15:38.712475,Yokai (SEA),62
2025-06-05 17:15:38.712475,Espada,215
2025-06-05 19:15:08.806853,Twilly,223
2025-06-05 19:15:08.806853,Twig,66
2025-06-05 19:15:08.806853,Artix,1378
2025-06-05 19:15:08.806853,Sepulchure,62
2025-06-05 19:15:08.806853,Gravelyn,59
2025-06-05 19:15:08.806853,Safiria,63
2025-06-05 19:15:08.806853,Sir Ver,30
2025-06-05 19:15:08.806853,Swordhaven (EU),55
2025-06-05 19:15:08.806853,Galanoth,57
2025-06-05 19:15:08.806853,Alteon,73
2025-06-05 19:15:08.806853,Yorumi,172
2025-06-05 19:15:08.806853,Yokai (SEA),61
2025-06-05 19:15:08.806853,Espada,215
2025-06-05 20:19:32.056052,Twilly,228
2025-06-05 20:19:32.056052,Twig,65
2025-06-05 20:19:32.056052,Artix,1334
2025-06-05 20:19:32.056052,Sepulchure,59
2025-06-05 20:19:32.056052,Gravelyn,70
2025-06-05 20:19:32.056052,Safiria,54
2025-06-05 20:19:32.056052,Sir Ver,30
2025-06-05 20:19:32.056052,Swordhaven (EU),54
2025-06-05 20:19:32.056052,Galanoth,54
2025-06-05 20:19:32.056052,Alteon,56
2025-06-05 20:19:32.056052,Yorumi,164
2025-06-05 20:19:32.056052,Yokai (SEA),62
2025-06-05 20:19:32.056052,Espada,192
2025-06-05 21:19:47.826719,Twilly,225
2025-06-05 21:19:47.826719,Twig,71
2025-06-05 21:19:47.826719,Artix,1373
2025-06-05 21:19:47.826719,Sepulchure,71
2025-06-05 21:19:47.826719,Gravelyn,61
2025-06-05 21:19:47.826719,Safiria,51
2025-06-05 21:19:47.826719,Sir Ver,27
2025-06-05 21:19:47.826719,Swordhaven (EU),55
2025-06-05 21:19:47.826719,Galanoth,56
2025-06-05 21:19:47.826719,Alteon,46
2025-06-05 21:19:47.826719,Yorumi,150
2025-06-05 21:19:47.826719,Yokai (SEA),61
2025-06-05 21:19:47.826719,Espada,204
2025-06-05 22:19:14.177931,Twilly,201
2025-06-05 22:19:14.177931,Twig,57
2025-06-05 22:19:14.177931,Artix,1380
2025-06-05 22:19:14.177931,Sepulchure,52
2025-06-05 22:19:14.177931,Gravelyn,53
2025-06-05 22:19:14.177931,Safiria,50
2025-06-05 22:19:14.177931,Sir Ver,25
2025-06-05 22:19:14.177931,Swordhaven (EU),53
2025-06-05 22:19:14.177931,Galanoth,48
2025-06-05 22:19:14.177931,Alteon,62
2025-06-05 22:19:14.177931,Yorumi,140
2025-06-05 22:19:14.177931,Yokai (SEA),62
2025-06-05 22:19:14.177931,Espada,228
2025-06-05 23:22:19.250536,Twilly,204
2025-06-05 23:22:19.250536,Twig,60
2025-06-05 23:22:19.250536,Artix,1364
2025-06-05 23:22:19.250536,Sepulchure,58
2025-06-05 23:22:19.250536,Gravelyn,67
2025-06-05 23:22:19.250536,Safiria,59
2025-06-05 23:22:19.250536,Sir Ver,25
2025-06-05 23:22:19.250536,Swordhaven (EU),36
2025-06-05 23:22:19.250536,Galanoth,53
2025-06-05 23:22:19.250536,Alteon,67
2025-06-05 23:22:19.250536,Yorumi,157
2025-06-05 23:22:19.250536,Yokai (SEA),67
2025-06-05 23:22:19.250536,Espada,246
2025-06-06 01:45:12.575457,Twilly,216
2025-06-06 01:45:12.575457,Twig,60
2025-06-06 01:45:12.575457,Artix,1488
2025-06-06 01:45:12.575457,Sepulchure,59
2025-06-06 01:45:12.575457,Gravelyn,51
2025-06-06 01:45:12.575457,Safiria,79
2025-06-06 01:45:12.575457,Sir Ver,36
2025-06-06 01:45:12.575457,Swordhaven (EU),29
2025-06-06 01:45:12.575457,Galanoth,60
2025-06-06 01:45:12.575457,Alteon,70
2025-06-06 01:45:12.575457,Yorumi,165
2025-06-06 01:45:12.575457,Yokai (SEA),72
2025-06-06 01:45:12.575457,Espada,228
2025-06-06 03:16:27.329074,Twilly,199
2025-06-06 03:16:27.329074,Twig,49
2025-06-06 03:16:27.329074,Artix,1500
2025-06-06 03:16:27.329074,Sepulchure,54
2025-06-06 03:16:27.329074,Gravelyn,66
2025-06-06 03:16:27.329074,Safiria,74
2025-06-06 03:16:27.329074,Sir Ver,30
2025-06-06 03:16:27.329074,Swordhaven (EU),23
2025-06-06 03:16:27.329074,Galanoth,39
2025-06-06 03:16:27.329074,Alteon,69
2025-06-06 03:16:27.329074,Yorumi,233
2025-06-06 03:16:27.329074,Yokai (SEA),73
2025-06-06 03:16:27.329074,Espada,200
2025-06-06 04:28:10.134445,Twilly,223
2025-06-06 04:28:10.134445,Twig,58
2025-06-06 04:28:10.134445,Artix,1497
2025-06-06 04:28:10.134445,Sepulchure,57
2025-06-06 04:28:10.134445,Gravelyn,72
2025-06-06 04:28:10.134445,Safiria,90
2025-06-06 04:28:10.134445,Sir Ver,25
2025-06-06 04:28:10.134445,Swordhaven (EU),29
2025-06-06 04:28:10.134445,Galanoth,64
2025-06-06 04:28:10.134445,Alteon,68
2025-06-06 04:28:10.134445,Yorumi,307
2025-06-06 04:28:10.134445,Yokai (SEA),77
2025-06-06 04:28:10.134445,Espada,148
2025-06-06 05:21:04.555387,Twilly,212
2025-06-06 05:21:04.555387,Twig,60
2025-06-06 05:21:04.555387,Artix,1496
2025-06-06 05:21:04.555387,Sepulchure,56
2025-06-06 05:21:04.555387,Gravelyn,64
2025-06-06 05:21:04.555387,Safiria,95
2025-06-06 05:21:04.555387,Sir Ver,23
2025-06-06 05:21:04.555387,Swordhaven (EU),35
2025-06-06 05:21:04.555387,Galanoth,54
2025-06-06 05:21:04.555387,Alteon,70
2025-06-06 05:21:04.555387,Yorumi,275
2025-06-06 05:21:04.555387,Yokai (SEA),82
2025-06-06 05:21:04.555387,Espada,129
2025-06-06 06:31:47.401075,Twilly,211
2025-06-06 06:31:47.401075,Twig,57
2025-06-06 06:31:47.401075,Artix,1487
2025-06-06 06:31:47.401075,Sepulchure,42
2025-06-06 06:31:47.401075,Gravelyn,73
2025-06-06 06:31:47.401075,Safiria,100
2025-06-06 06:31:47.401075,Sir Ver,26
2025-06-06 06:31:47.401075,Swordhaven (EU),29
2025-06-06 06:31:47.401075,Galanoth,66
2025-06-06 06:31:47.401075,Alteon,68
2025-06-06 06:31:47.401075,Yorumi,241
2025-06-06 06:31:47.401075,Yokai (SEA),89
2025-06-06 06:31:47.401075,Espada,115
2025-06-06 07:20:21.415405,Twilly,212
2025-06-06 07:20:21.415405,Twig,52
2025-06-06 07:20:21.415405,Artix,1478
2025-06-06 07:20:21.415405,Sepulchure,44
2025-06-06 07:20:21.415405,Gravelyn,76
2025-06-06 07:20:21.415405,Safiria,78
2025-06-06 07:20:21.415405,Sir Ver,28
2025-06-06 07:20:21.415405,Swordhaven (EU),33
2025-06-06 07:20:21.415405,Galanoth,57
2025-06-06 07:20:21.415405,Alteon,63
2025-06-06 07:20:21.415405,Yorumi,250
2025-06-06 07:20:21.415405,Yokai (SEA),79
2025-06-06 07:20:21.415405,Espada,104
2025-06-06 08:28:07.971563,Twilly,208
2025-06-06 08:28:07.971563,Twig,55
2025-06-06 08:28:07.971563,Artix,1451
2025-06-06 08:28:07.971563,Sepulchure,42
2025-06-06 08:28:07.971563,Gravelyn,55
2025-06-06 08:28:07.971563,Safiria,78
2025-06-06 08:28:07.971563,Sir Ver,21
2025-06-06 08:28:07.971563,Swordhaven (EU),38
2025-06-06 08:28:07.971563,Galanoth,45
2025-06-06 08:28:07.971563,Alteon,65
2025-06-06 08:28:07.971563,Yorumi,208
2025-06-06 08:28:07.971563,Yokai (SEA),93
2025-06-06 08:28:07.971563,Espada,108
2025-06-06 09:23:01.997940,Twilly,208
2025-06-06 09:23:01.997940,Twig,59
2025-06-06 09:23:01.997940,Artix,1447
2025-06-06 09:23:01.997940,Sepulchure,48
2025-06-06 09:23:01.997940,Gravelyn,66
2025-06-06 09:23:01.997940,Safiria,73
2025-06-06 09:23:01.997940,Sir Ver,24
2025-06-06 09:23:01.997940,Swordhaven (EU),41
2025-06-06 09:23:01.997940,Galanoth,48
2025-06-06 09:23:01.997940,Alteon,67
2025-06-06 09:23:01.997940,Yorumi,187
2025-06-06 09:23:01.997940,Yokai (SEA),89
2025-06-06 09:23:01.997940,Espada,113
2025-06-06 10:23:54.342021,Twilly,238
2025-06-06 10:23:54.342021,Twig,57
2025-06-06 10:23:54.342021,Artix,1378
2025-06-06 10:23:54.342021,Sepulchure,43
2025-06-06 10:23:54.342021,Gravelyn,54
2025-06-06 10:23:54.342021,Safiria,63
2025-06-06 10:23:54.342021,Sir Ver,17
2025-06-06 10:23:54.342021,Swordhaven (EU),45
2025-06-06 10:23:54.342021,Galanoth,61
2025-06-06 10:23:54.342021,Alteon,71
2025-06-06 10:23:54.342021,Yorumi,183
2025-06-06 10:23:54.342021,Yokai (SEA),91
2025-06-06 10:23:54.342021,Espada,108
2025-06-06 11:18:39.951904,Twilly,215
2025-06-06 11:18:39.951904,Twig,68
2025-06-06 11:18:39.951904,Artix,1481
2025-06-06 11:18:39.951904,Sepulchure,53
2025-06-06 11:18:39.951904,Gravelyn,58
2025-06-06 11:18:39.951904,Safiria,58
2025-06-06 11:18:39.951904,Sir Ver,18
2025-06-06 11:18:39.951904,Swordhaven (EU),49
2025-06-06 11:18:39.951904,Galanoth,56
2025-06-06 11:18:39.951904,Alteon,67
2025-06-06 11:18:39.951904,Yorumi,202
2025-06-06 11:18:39.951904,Yokai (SEA),83
2025-06-06 11:18:39.951904,Espada,145
2025-06-06 12:42:15.350925,Twilly,216
2025-06-06 12:42:15.350925,Twig,77
2025-06-06 12:42:15.350925,Artix,1501
2025-06-06 12:42:15.350925,Sepulchure,69
2025-06-06 12:42:15.350925,Gravelyn,70
2025-06-06 12:42:15.350925,Safiria,105
2025-06-06 12:42:15.350925,Sir Ver,22
2025-06-06 12:42:15.350925,Swordhaven (EU),51
2025-06-06 12:42:15.350925,Galanoth,68
2025-06-06 12:42:15.350925,Alteon,77
2025-06-06 12:42:15.350925,Yorumi,299
2025-06-06 12:42:15.350925,Yokai (SEA),111
2025-06-06 12:42:15.350925,Espada,183
2025-06-06 13:32:27.150908,Twilly,228
2025-06-06 13:32:27.150908,Twig,81
2025-06-06 13:32:27.150908,Artix,1497
2025-06-06 13:32:27.150908,Sepulchure,61
2025-06-06 13:32:27.150908,Gravelyn,78
2025-06-06 13:32:27.150908,Safiria,87
2025-06-06 13:32:27.150908,Sir Ver,26
2025-06-06 13:32:27.150908,Swordhaven (EU),49
2025-06-06 13:32:27.150908,Galanoth,58
2025-06-06 13:32:27.150908,Alteon,77
2025-06-06 13:32:27.150908,Yorumi,351
2025-06-06 13:32:27.150908,Yokai (SEA),105
2025-06-06 13:32:27.150908,Espada,199
2025-06-06 14:20:19.516050,Twilly,229
2025-06-06 14:20:19.516050,Twig,77
2025-06-06 14:20:19.516050,Artix,1499
2025-06-06 14:20:19.516050,Sepulchure,65
2025-06-06 14:20:19.516050,Gravelyn,76
2025-06-06 14:20:19.516050,Safiria,84
2025-06-06 14:20:19.516050,Sir Ver,22
2025-06-06 14:20:19.516050,Swordhaven (EU),75
2025-06-06 14:20:19.516050,Galanoth,55
2025-06-06 14:20:19.516050,Alteon,78
2025-06-06 14:20:19.516050,Yorumi,361
2025-06-06 14:20:19.516050,Yokai (SEA),83
2025-06-06 14:20:19.516050,Espada,208
2025-06-06 15:19:43.363737,Twilly,215
2025-06-06 15:19:43.363737,Twig,80
2025-06-06 15:19:43.363737,Artix,1499
2025-06-06 15:19:43.363737,Sepulchure,69
2025-06-06 15:19:43.363737,Gravelyn,78
2025-06-06 15:19:43.363737,Safiria,94
2025-06-06 15:19:43.363737,Sir Ver,24
2025-06-06 15:19:43.363737,Swordhaven (EU),66
2025-06-06 15:19:43.363737,Galanoth,59
2025-06-06 15:19:43.363737,Alteon,84
2025-06-06 15:19:43.363737,Yorumi,343
2025-06-06 15:19:43.363737,Yokai (SEA),84
2025-06-06 15:19:43.363737,Espada,205
2025-06-06 16:27:36.607529,Twilly,210
2025-06-06 16:27:36.607529,Twig,62
2025-06-06 16:27:36.607529,Artix,1489
2025-06-06 16:27:36.607529,Sepulchure,69
2025-06-06 16:27:36.607529,Gravelyn,63
2025-06-06 16:27:36.607529,Safiria,87
2025-06-06 16:27:36.607529,Sir Ver,27
2025-06-06 16:27:36.607529,Swordhaven (EU),69
2025-06-06 16:27:36.607529,Galanoth,54
2025-06-06 16:27:36.607529,Alteon,78
2025-06-06 16:27:36.607529,Yorumi,296
2025-06-06 16:27:36.607529,Yokai (SEA),76
2025-06-06 16:27:36.607529,Espada,212
2025-06-06 17:19:36.159409,Twilly,209
2025-06-06 17:19:36.159409,Twig,64
2025-06-06 17:19:36.159409,Artix,1479
2025-06-06 17:19:36.159409,Sepulchure,69
2025-06-06 17:19:36.159409,Gravelyn,59
2025-06-06 17:19:36.159409,Safiria,75
2025-06-06 17:19:36.159409,Sir Ver,21
2025-06-06 17:19:36.159409,Swordhaven (EU),65
2025-06-06 17:19:36.159409,Galanoth,57
2025-06-06 17:19:36.159409,Alteon,64
2025-06-06 17:19:36.159409,Yorumi,221
2025-06-06 17:19:36.159409,Yokai (SEA),75
2025-06-06 17:19:36.159409,Espada,209
2025-06-06 18:29:54.776542,Twilly,207
2025-06-06 18:29:54.776542,Twig,67
2025-06-06 18:29:54.776542,Artix,1360
2025-06-06 18:29:54.776542,Sepulchure,65
2025-06-06 18:29:54.776542,Gravelyn,59
2025-06-06 18:29:54.776542,Safiria,69
2025-06-06 18:29:54.776542,Sir Ver,23
2025-06-06 18:29:54.776542,Swordhaven (EU),48
2025-06-06 18:29:54.776542,Galanoth,48
2025-06-06 18:29:54.776542,Alteon,66
2025-06-06 18:29:54.776542,Yorumi,219
2025-06-06 18:29:54.776542,Yokai (SEA),56
2025-06-06 18:29:54.776542,Espada,205
2025-06-06 19:17:28.294001,Twilly,207
2025-06-06 19:17:28.294001,Twig,60
2025-06-06 19:17:28.294001,Artix,1359
2025-06-06 19:17:28.294001,Sepulchure,63
2025-06-06 19:17:28.294001,Gravelyn,53
2025-06-06 19:17:28.294001,Safiria,69
2025-06-06 19:17:28.294001,Sir Ver,23
2025-06-06 19:17:28.294001,Swordhaven (EU),51
2025-06-06 19:17:28.294001,Galanoth,53
2025-06-06 19:17:28.294001,Alteon,65
2025-06-06 19:17:28.294001,Yorumi,199
2025-06-06 19:17:28.294001,Yokai (SEA),59
2025-06-06 19:17:28.294001,Espada,214
2025-06-06 20:23:56.826405,Twilly,219
2025-06-06 20:23:56.826405,Twig,60
2025-06-06 20:23:56.826405,Artix,1332
2025-06-06 20:23:56.826405,Sepulchure,61
2025-06-06 20:23:56.826405,Gravelyn,59
2025-06-06 20:23:56.826405,Safiria,57
2025-06-06 20:23:56.826405,Sir Ver,21
2025-06-06 20:23:56.826405,Swordhaven (EU),54
2025-06-06 20:23:56.826405,Galanoth,48
2025-06-06 20:23:56.826405,Alteon,75
2025-06-06 20:23:56.826405,Yorumi,170
2025-06-06 20:23:56.826405,Yokai (SEA),59
2025-06-06 20:23:56.826405,Espada,178
2025-06-06 21:19:42.142234,Twilly,204
2025-06-06 21:19:42.142234,Twig,66
2025-06-06 21:19:42.142234,Artix,1314
2025-06-06 21:19:42.142234,Sepulchure,54
2025-06-06 21:19:42.142234,Gravelyn,59
2025-06-06 21:19:42.142234,Safiria,53
2025-06-06 21:19:42.142234,Sir Ver,18
2025-06-06 21:19:42.142234,Swordhaven (EU),44
2025-06-06 21:19:42.142234,Galanoth,45
2025-06-06 21:19:42.142234,Alteon,78
2025-06-06 21:19:42.142234,Yorumi,153
2025-06-06 21:19:42.142234,Yokai (SEA),53
2025-06-06 21:19:42.142234,Espada,188
2025-06-06 22:20:00.568351,Twilly,200
2025-06-06 22:20:00.568351,Twig,55
2025-06-06 22:20:00.568351,Artix,1339
2025-06-06 22:20:00.568351,Sepulchure,56
2025-06-06 22:20:00.568351,Gravelyn,60
2025-06-06 22:20:00.568351,Safiria,60
2025-06-06 22:20:00.568351,Sir Ver,21
2025-06-06 22:20:00.568351,Swordhaven (EU),43
2025-06-06 22:20:00.568351,Galanoth,42
2025-06-06 22:20:00.568351,Alteon,72
2025-06-06 22:20:00.568351,Yorumi,181
2025-06-06 22:20:00.568351,Yokai (SEA),51
2025-06-06 22:20:00.568351,Espada,206
2025-06-06 23:19:52.669232,Twilly,199
2025-06-06 23:19:52.669232,Twig,53
2025-06-06 23:19:52.669232,Artix,1404
2025-06-06 23:19:52.669232,Sepulchure,52
2025-06-06 23:19:52.669232,Gravelyn,60
2025-06-06 23:19:52.669232,Safiria,84
2025-06-06 23:19:52.669232,Sir Ver,20
2025-06-06 23:19:52.669232,Swordhaven (EU),41
2025-06-06 23:19:52.669232,Galanoth,53
2025-06-06 23:19:52.669232,Alteon,71
2025-06-06 23:19:52.669232,Yorumi,176
2025-06-06 23:19:52.669232,Yokai (SEA),59
2025-06-06 23:19:52.669232,Espada,219
2025-06-07 01:44:46.881215,Twilly,166
2025-06-07 01:44:46.881215,Twig,47
2025-06-07 01:44:46.881215,Artix,1315
2025-06-07 01:44:46.881215,Sepulchure,45
2025-06-07 01:44:46.881215,Gravelyn,52
2025-06-07 01:44:46.881215,Safiria,74
2025-06-07 01:44:46.881215,Sir Ver,26
2025-06-07 01:44:46.881215,Swordhaven (EU),37
2025-06-07 01:44:46.881215,Galanoth,64
2025-06-07 01:44:46.881215,Alteon,56
2025-06-07 01:44:46.881215,Yorumi,179
2025-06-07 01:44:46.881215,Yokai (SEA),63
2025-06-07 01:44:46.881215,Espada,203
2025-06-07 03:13:59.839483,Twilly,178
2025-06-07 03:13:59.839483,Twig,52
2025-06-07 03:13:59.839483,Artix,1479
2025-06-07 03:13:59.839483,Sepulchure,51
2025-06-07 03:13:59.839483,Gravelyn,47
2025-06-07 03:13:59.839483,Safiria,72
2025-06-07 03:13:59.839483,Sir Ver,29
2025-06-07 03:13:59.839483,Swordhaven (EU),27
2025-06-07 03:13:59.839483,Galanoth,44
2025-06-07 03:13:59.839483,Alteon,55
2025-06-07 03:13:59.839483,Yorumi,196
2025-06-07 03:13:59.839483,Yokai (SEA),69
2025-06-07 03:13:59.839483,Espada,177
2025-06-07 04:25:41.616573,Twilly,198
2025-06-07 04:25:41.616573,Twig,64
2025-06-07 04:25:41.616573,Artix,1500
2025-06-07 04:25:41.616573,Sepulchure,59
2025-06-07 04:25:41.616573,Gravelyn,53
2025-06-07 04:25:41.616573,Safiria,67
2025-06-07 04:25:41.616573,Sir Ver,23
2025-06-07 04:25:41.616573,Swordhaven (EU),29
2025-06-07 04:25:41.616573,Galanoth,48
2025-06-07 04:25:41.616573,Alteon,47
2025-06-07 04:25:41.616573,Yorumi,272
2025-06-07 04:25:41.616573,Yokai (SEA),75
2025-06-07 04:25:41.616573,Espada,142
2025-06-07 05:19:28.892536,Twilly,178
2025-06-07 05:19:28.892536,Twig,53
2025-06-07 05:19:28.892536,Artix,1483
2025-06-07 05:19:28.892536,Sepulchure,57
2025-06-07 05:19:28.892536,Gravelyn,55
2025-06-07 05:19:28.892536,Safiria,62
2025-06-07 05:19:28.892536,Sir Ver,17
2025-06-07 05:19:28.892536,Swordhaven (EU),28
2025-06-07 05:19:28.892536,Galanoth,41
2025-06-07 05:19:28.892536,Alteon,65
2025-06-07 05:19:28.892536,Yorumi,242
2025-06-07 05:19:28.892536,Yokai (SEA),71
2025-06-07 05:19:28.892536,Espada,128
2025-06-07 06:28:22.133498,Twilly,166
2025-06-07 06:28:22.133498,Twig,66
2025-06-07 06:28:22.133498,Artix,1474
2025-06-07 06:28:22.133498,Sepulchure,48
2025-06-07 06:28:22.133498,Gravelyn,41
2025-06-07 06:28:22.133498,Safiria,59
2025-06-07 06:28:22.133498,Sir Ver,20
2025-06-07 06:28:22.133498,Swordhaven (EU),33
2025-06-07 06:28:22.133498,Galanoth,40
2025-06-07 06:28:22.133498,Alteon,60
2025-06-07 06:28:22.133498,Yorumi,226
2025-06-07 06:28:22.133498,Yokai (SEA),83
2025-06-07 06:28:22.133498,Espada,110
2025-06-07 07:18:48.295648,Twilly,163
2025-06-07 07:18:48.295648,Twig,67
2025-06-07 07:18:48.295648,Artix,1465
2025-06-07 07:18:48.295648,Sepulchure,42
2025-06-07 07:18:48.295648,Gravelyn,42
2025-06-07 07:18:48.295648,Safiria,51
2025-06-07 07:18:48.295648,Sir Ver,22
2025-06-07 07:18:48.295648,Swordhaven (EU),32
2025-06-07 07:18:48.295648,Galanoth,45
2025-06-07 07:18:48.295648,Alteon,61
2025-06-07 07:18:48.295648,Yorumi,213
2025-06-07 07:18:48.295648,Yokai (SEA),97
2025-06-07 07:18:48.295648,Espada,107
2025-06-07 08:25:07.125538,Twilly,172
2025-06-07 08:25:07.125538,Twig,66
2025-06-07 08:25:07.125538,Artix,1431
2025-06-07 08:25:07.125538,Sepulchure,46
2025-06-07 08:25:07.125538,Gravelyn,63
2025-06-07 08:25:07.125538,Safiria,54
2025-06-07 08:25:07.125538,Sir Ver,16
2025-06-07 08:25:07.125538,Swordhaven (EU),41
2025-06-07 08:25:07.125538,Galanoth,37
2025-06-07 08:25:07.125538,Alteon,73
2025-06-07 08:25:07.125538,Yorumi,194
2025-06-07 08:25:07.125538,Yokai (SEA),98
2025-06-07 08:25:07.125538,Espada,91
2025-06-07 09:20:13.675415,Twilly,197
2025-06-07 09:20:13.675415,Twig,63
2025-06-07 09:20:13.675415,Artix,1483
2025-06-07 09:20:13.675415,Sepulchure,37
2025-06-07 09:20:13.675415,Gravelyn,41
2025-06-07 09:20:13.675415,Safiria,57
2025-06-07 09:20:13.675415,Sir Ver,19
2025-06-07 09:20:13.675415,Swordhaven (EU),53
2025-06-07 09:20:13.675415,Galanoth,31
2025-06-07 09:20:13.675415,Alteon,74
2025-06-07 09:20:13.675415,Yorumi,180
2025-06-07 09:20:13.675415,Yokai (SEA),79
2025-06-07 09:20:13.675415,Espada,72
2025-06-07 10:21:27.859353,Twilly,209
2025-06-07 10:21:27.859353,Twig,66
2025-06-07 10:21:27.859353,Artix,1498
2025-06-07 10:21:27.859353,Sepulchure,42
2025-06-07 10:21:27.859353,Gravelyn,51
2025-06-07 10:21:27.859353,Safiria,51
2025-06-07 10:21:27.859353,Sir Ver,18
2025-06-07 10:21:27.859353,Swordhaven (EU),49
2025-06-07 10:21:27.859353,Galanoth,35
2025-06-07 10:21:27.859353,Alteon,76
2025-06-07 10:21:27.859353,Yorumi,191
2025-06-07 10:21:27.859353,Yokai (SEA),76
2025-06-07 10:21:27.859353,Espada,81
2025-06-07 11:16:13.640168,Twilly,249
2025-06-07 11:16:13.640168,Twig,76
2025-06-07 11:16:13.640168,Artix,1491
2025-06-07 11:16:13.640168,Sepulchure,37
2025-06-07 11:16:13.640168,Gravelyn,61
2025-06-07 11:16:13.640168,Safiria,64
2025-06-07 11:16:13.640168,Sir Ver,27
2025-06-07 11:16:13.640168,Swordhaven (EU),64
2025-06-07 11:16:13.640168,Galanoth,46
2025-06-07 11:16:13.640168,Alteon,63
2025-06-07 11:16:13.640168,Yorumi,271
2025-06-07 11:16:13.640168,Yokai (SEA),92
2025-06-07 11:16:13.640168,Espada,102
